,prompt1,prompt2,prompt3,prompt4,prompt5,prompt6,prompt7,prompt8,prompt9,prompt10,prompt11,prompt12
0,Initialize classical and quantum registers.,Use a deterministic method to create cluster centroids.,,The maximum number of iterations and convergence threshold should be set.,Continue until convergence or the maximum iteration is reached.,The nearest cluster centroid will be assigned each data point.,,Check for convergence.,,Classical representations can be obtained by code quantum cluster centroids.,,The final cluster centroids and evaluation results should be output.
1,Contribute quantum and classical registers.,Use a deterministic method to set up cluster centroids.,Classical data points can be converted into quantum states.,,Continue until either convergence or the maximum iteration is reached.,,The centroids have been updated.,,Final cluster centroids can be found in the quantum register.,,Use metrics such as within-cluster sum of squares to evaluate clustering quality.,
2,Initialize classical and quantum register.,cluster centroids can be set randomly or using a deterministic method.,,The maximum number of iterations and convergence threshold can be set.,,Each data point should be assigned to the nearest cluster centroid.,Update centroids.,,Final cluster centroids can be found in quantum register.,,Evaluate clustering quality by using metrics.,
3,,,Classical data points should be converted to quantum states.,,Continue until you reach the maximum iteration.,The nearest cluster centroid will be assigned each data point's location.,,Check to see if convergence is present.,,Classical representations can be obtained using code quantum cluster centroids.,,The final centroids and evaluation results should be output.
4,Classical and quantum registers should be created.,,,The maximum number and convergence threshold should be set.,Continue until you reach the maximum iteration or convergence.,,The cluster centroids have been updated.,,The final cluster centroids are in the quantum register.,Classical representations can be obtained by coding quantum cluster centroids.,"Using metrics such as within-cluster sum of squares, evaluate clustering quality.",
5,Contribute quantum and classical register.,cluster centroids can be random or deterministic.,Classical data points should be translated into quantum states.,,,Each data point has to be assigned to the nearest cluster centroid.,,Check to see if there is convergence.,,Classical representations can be obtained via code quantum cluster centroids.,,The evaluation results and final cluster centroids should be output.
6,,cluster centroids can be used using a deterministic method or randomly.,Contribute classical data points into quantum states.,There should be a maximum number of iterations and a convergence threshold.,Continue until convergence or the maximum iteration.,,There is an update of centroids.,,Final cluster centroids can be found from quantum registers.,,Evaluate clustering quality with metrics such as within-cluster sum of squares,
7,,,Represent classical data points in quantum states.,,,Each data point should be assigned to the nearest cluster.,cluster centroids are being updated.,Check to see if convergence is possible.,,Classical representations are obtained by code quantum cluster centroids.,,The final cluster centroids and evaluation results need to be output.
8,,,,The maximum number of iterations and convergence threshold is set.,,,,You should check for convergence.,The final cluster centroids can be found in quantum register.,,Evaluate clustering quality with metrics such as the within-cluster sum of squares.,The final clusters and evaluation results should be output.
